name,name_norm,hand,mlb_id,updated_at,source
Aaron Ashby,aaron ashby,L,676879,2026-06-03T18:39:33.289612+00:00,mlb_statsapi_people
Aaron Brooks,aaron brooks,R,605156,2026-06-03T18:39:31.901969+00:00,mlb_statsapi_people
Aaron Bummer,aaron bummer,L,607481,2026-06-03T18:39:32.173126+00:00,mlb_statsapi_people
Aaron Civale,aaron civale,R,650644,2026-06-03T18:39:32.454895+00:00,mlb_statsapi_people
Aaron Nola,aaron nola,R,605400,2026-06-03T18:39:31.901997+00:00,mlb_statsapi_people
Abner Uribe,abner uribe,R,682842,2026-06-03T18:39:33.290060+00:00,mlb_statsapi_people
Adam Frazier,adam frazier,R,624428,2026-06-03T18:39:32.173346+00:00,mlb_statsapi_people
Adrian Houser,adrian houser,R,605288,2026-06-03T18:39:31.901989+00:00,mlb_statsapi_people
Adrian Morejon,adrian morejon,L,670970,2026-06-03T18:39:33.012282+00:00,mlb_statsapi_people
AJ Blubaugh,aj blubaugh,R,805123,2026-06-03T18:39:33.836545+00:00,mlb_statsapi_people
Alan Rangel,alan rangel,R,660604,2026-06-03T18:39:32.455121+00:00,mlb_statsapi_people
Albert Suárez,albert suárez,R,544150,2026-06-03T18:39:31.901590+00:00,mlb_statsapi_people
Alec Gamboa,alec gamboa,L,687941,2026-06-03T18:39:33.566045+00:00,mlb_statsapi_people
Alek Jacob,alek jacob,R,689690,2026-06-03T18:39:33.566116+00:00,mlb_statsapi_people
Alek Manoah,alek manoah,R,666201,2026-06-03T18:39:32.727937+00:00,mlb_statsapi_people
Alex Hoppe,alex hoppe,R,695380,2026-06-03T18:39:33.836305+00:00,mlb_statsapi_people
Alex Lange,alex lange,R,656638,2026-06-03T18:39:32.454988+00:00,mlb_statsapi_people
Alex Vesia,alex vesia,L,681911,2026-06-03T18:39:33.289986+00:00,mlb_statsapi_people
Andre Granillo,andre granillo,R,701552,2026-06-03T18:39:33.836458+00:00,mlb_statsapi_people
Andre Pallante,andre pallante,R,669467,2026-06-03T18:39:33.012178+00:00,mlb_statsapi_people
Andrew Abbott,andrew abbott,L,671096,2026-06-03T18:39:33.012294+00:00,mlb_statsapi_people
Andrew Alvarez,andrew alvarez,L,674841,2026-06-03T18:39:33.012388+00:00,mlb_statsapi_people
Andrew Hoffmann,andrew hoffmann,R,694851,2026-06-03T18:39:33.836276+00:00,mlb_statsapi_people
Andrew Kittredge,andrew kittredge,R,552640,2026-06-03T18:39:31.901616+00:00,mlb_statsapi_people
Andrew Morris,andrew morris,R,702193,2026-06-03T18:39:33.836487+00:00,mlb_statsapi_people
Andrew Nardi,andrew nardi,L,677053,2026-06-03T18:39:33.289644+00:00,mlb_statsapi_people
Andrew Painter,andrew painter,R,691725,2026-06-03T18:39:33.566180+00:00,mlb_statsapi_people
Andrés Muñoz,andrés muñoz,R,662253,2026-06-03T18:39:32.455158+00:00,mlb_statsapi_people
Angel Chivilli,angel chivilli,R,683409,2026-06-03T18:39:33.565777+00:00,mlb_statsapi_people
Angel Zerpa,angel zerpa,L,672582,2026-06-03T18:39:33.012351+00:00,mlb_statsapi_people
Anthony Banda,anthony banda,L,607455,2026-06-03T18:39:32.173121+00:00,mlb_statsapi_people
Anthony Bender,anthony bender,R,669622,2026-06-03T18:39:33.012190+00:00,mlb_statsapi_people
Anthony Kay,anthony kay,L,641743,2026-06-03T18:39:32.173423+00:00,mlb_statsapi_people
Anthony Molina,anthony molina,R,683627,2026-06-03T18:39:33.565791+00:00,mlb_statsapi_people
Anthony Nunez,anthony nunez,R,689296,2026-06-03T18:39:33.566092+00:00,mlb_statsapi_people
Antonio Senzatela,antonio senzatela,R,622608,2026-06-03T18:39:32.173280+00:00,mlb_statsapi_people
Aroldis Chapman,aroldis chapman,L,547973,2026-06-03T18:39:31.901605+00:00,mlb_statsapi_people
Austin Hedges,austin hedges,R,595978,2026-06-03T18:39:31.901929+00:00,mlb_statsapi_people
Austin Voth,austin voth,R,608723,2026-06-03T18:39:32.173189+00:00,mlb_statsapi_people
Austin Warren,austin warren,R,681810,2026-06-03T18:39:33.289960+00:00,mlb_statsapi_people
Bailey Falter,bailey falter,L,663559,2026-06-03T18:39:32.455228+00:00,mlb_statsapi_people
Bailey Ober,bailey ober,R,641927,2026-06-03T18:39:32.173467+00:00,mlb_statsapi_people
Ben Brown,ben brown,R,676962,2026-06-03T18:39:33.289623+00:00,mlb_statsapi_people
Ben Casparius,ben casparius,R,676508,2026-06-03T18:39:33.012487+00:00,mlb_statsapi_people
Ben Williamson,ben williamson,R,810938,2026-06-03T18:39:33.836592+00:00,mlb_statsapi_people
Bennett Sousa,bennett sousa,L,656986,2026-06-03T18:39:32.455034+00:00,mlb_statsapi_people
Blade Tidwell,blade tidwell,R,694918,2026-06-03T18:39:33.836281+00:00,mlb_statsapi_people
Blake Snell,blake snell,L,605483,2026-06-03T18:39:31.902021+00:00,mlb_statsapi_people
Blake Treinen,blake treinen,R,595014,2026-06-03T18:39:31.901917+00:00,mlb_statsapi_people
Brad Keller,brad keller,R,641745,2026-06-03T18:39:32.173432+00:00,mlb_statsapi_people
Brad Lord,brad lord,R,695418,2026-06-03T18:39:33.836309+00:00,mlb_statsapi_people
Bradgley Rodriguez,bradgley rodriguez,R,699134,2026-06-03T18:39:33.836388+00:00,mlb_statsapi_people
Brady Basso,brady basso,L,669620,2026-06-03T18:39:33.012183+00:00,mlb_statsapi_people
Brady Singer,brady singer,R,663903,2026-06-03T18:39:32.727722+00:00,mlb_statsapi_people
Brandan Bidois,brandan bidois,R,684049,2026-06-03T18:39:33.565820+00:00,mlb_statsapi_people
Brandon Eisert,brandon eisert,L,685126,2026-06-03T18:39:33.565839+00:00,mlb_statsapi_people
Brandon Pfaadt,brandon pfaadt,R,694297,2026-06-03T18:39:33.836220+00:00,mlb_statsapi_people
Brandon Sproat,brandon sproat,R,687075,2026-06-03T18:39:33.565954+00:00,mlb_statsapi_people
Brandon Williamson,brandon williamson,L,682227,2026-06-03T18:39:33.290018+00:00,mlb_statsapi_people
Brandon Woodruff,brandon woodruff,R,605540,2026-06-03T18:39:31.902032+00:00,mlb_statsapi_people
Brandon Young,brandon young,R,687064,2026-06-03T18:39:33.565949+00:00,mlb_statsapi_people
Brandyn Garcia,brandyn garcia,L,805299,2026-06-03T18:39:33.836550+00:00,mlb_statsapi_people
Brant Hurter,brant hurter,L,676428,2026-06-03T18:39:33.012466+00:00,mlb_statsapi_people
Braxton Ashcraft,braxton ashcraft,R,677952,2026-06-03T18:39:33.289697+00:00,mlb_statsapi_people
Braxton Garrett,braxton garrett,L,666129,2026-06-03T18:39:32.727910+00:00,mlb_statsapi_people
Brayan Bello,brayan bello,R,678394,2026-06-03T18:39:33.289743+00:00,mlb_statsapi_people
Braydon Fisher,braydon fisher,R,680755,2026-06-03T18:39:33.289841+00:00,mlb_statsapi_people
Brenan Hanifee,brenan hanifee,R,669724,2026-06-03T18:39:33.012206+00:00,mlb_statsapi_people
Brendan Beck,brendan beck,R,694341,2026-06-03T18:39:33.836231+00:00,mlb_statsapi_people
Brendon Little,brendon little,L,663893,2026-06-03T18:39:32.727714+00:00,mlb_statsapi_people
Brennan Bernardino,brennan bernardino,L,657514,2026-06-03T18:39:32.455075+00:00,mlb_statsapi_people
Brent Headrick,brent headrick,L,687396,2026-06-03T18:39:33.565991+00:00,mlb_statsapi_people
Brent Suter,brent suter,L,608718,2026-06-03T18:39:32.173184+00:00,mlb_statsapi_people
Brian Fitzpatrick,brian fitzpatrick,L,702153,2026-06-03T18:39:33.836482+00:00,mlb_statsapi_people
Brock Burke,brock burke,L,656271,2026-06-03T18:39:32.454928+00:00,mlb_statsapi_people
Brock Stewart,brock stewart,R,592779,2026-06-03T18:39:31.901867+00:00,mlb_statsapi_people
Brooks Kriske,brooks kriske,R,621139,2026-06-03T18:39:32.173229+00:00,mlb_statsapi_people
Brooks Raley,brooks raley,L,548384,2026-06-03T18:39:31.901610+00:00,mlb_statsapi_people
Bryan Abreu,bryan abreu,R,650556,2026-06-03T18:39:32.454885+00:00,mlb_statsapi_people
Bryan Baker,bryan baker,R,641329,2026-06-03T18:39:32.173402+00:00,mlb_statsapi_people
Bryan Hudson,bryan hudson,L,663542,2026-06-03T18:39:32.455206+00:00,mlb_statsapi_people
Bryan King,bryan king,L,687911,2026-06-03T18:39:33.566040+00:00,mlb_statsapi_people
Bryan Woo,bryan woo,R,693433,2026-06-03T18:39:33.836165+00:00,mlb_statsapi_people
Bryce Elder,bryce elder,R,693821,2026-06-03T18:39:33.836181+00:00,mlb_statsapi_people
Bryce Miller,bryce miller,R,682243,2026-06-03T18:39:33.290023+00:00,mlb_statsapi_people
Bubba Chandler,bubba chandler,R,696149,2026-06-03T18:39:33.836378+00:00,mlb_statsapi_people
Burch Smith,burch smith,R,572143,2026-06-03T18:39:31.901784+00:00,mlb_statsapi_people
Cade Cavalli,cade cavalli,R,676917,2026-06-03T18:39:33.289617+00:00,mlb_statsapi_people
Cade Gibson,cade gibson,L,806188,2026-06-03T18:39:33.836566+00:00,mlb_statsapi_people
Cade Horton,cade horton,R,690990,2026-06-03T18:39:33.566155+00:00,mlb_statsapi_people
Cade Povich,cade povich,L,700249,2026-06-03T18:39:33.836409+00:00,mlb_statsapi_people
Cade Smith,cade smith,R,671922,2026-06-03T18:39:33.012325+00:00,mlb_statsapi_people
Cal Quantrill,cal quantrill,R,615698,2026-06-03T18:39:32.173194+00:00,mlb_statsapi_people
Caleb Kilian,caleb kilian,R,668873,2026-06-03T18:39:32.728025+00:00,mlb_statsapi_people
Caleb Thielbar,caleb thielbar,L,573204,2026-06-03T18:39:31.901805+00:00,mlb_statsapi_people
Calvin Faucher,calvin faucher,R,676534,2026-06-03T18:39:33.012497+00:00,mlb_statsapi_people
Cam Sanders,cam sanders,R,676742,2026-06-03T18:39:33.012533+00:00,mlb_statsapi_people
Cam Schlittler,cam schlittler,R,693645,2026-06-03T18:39:33.836170+00:00,mlb_statsapi_people
Cameron Foster,cameron foster,R,671382,2026-06-03T18:39:33.012315+00:00,mlb_statsapi_people
Camilo Doval,camilo doval,R,666808,2026-06-03T18:39:32.727968+00:00,mlb_statsapi_people
Carl Edwards Jr.,carl edwards jr,R,605218,2026-06-03T18:39:31.901978+00:00,mlb_statsapi_people
Carlos Carrasco,carlos carrasco,R,471911,2026-06-03T18:39:31.901483+00:00,mlb_statsapi_people
Carlos Estévez,carlos estévez,R,608032,2026-06-03T18:39:32.173142+00:00,mlb_statsapi_people
Carlos Rodriguez,carlos rodriguez,R,692230,2026-06-03T18:39:33.836136+00:00,mlb_statsapi_people
Carlos Rodón,carlos rodón,L,607074,2026-06-03T18:39:32.173080+00:00,mlb_statsapi_people
Carmen Mlodzinski,carmen mlodzinski,R,669387,2026-06-03T18:39:33.012149+00:00,mlb_statsapi_people
Carter Baumler,carter baumler,R,691945,2026-06-03T18:39:33.566197+00:00,mlb_statsapi_people
Casey Legumina,casey legumina,R,668984,2026-06-03T18:39:32.728062+00:00,mlb_statsapi_people
Casey Mize,casey mize,R,663554,2026-06-03T18:39:32.455211+00:00,mlb_statsapi_people
Chad Patrick,chad patrick,R,694477,2026-06-03T18:39:33.836251+00:00,mlb_statsapi_people
Charlie Barnes,charlie barnes,L,656212,2026-06-03T18:39:32.454907+00:00,mlb_statsapi_people
Chase Burns,chase burns,R,695505,2026-06-03T18:39:33.836320+00:00,mlb_statsapi_people
Chase Dollander,chase dollander,R,801403,2026-06-03T18:39:33.836530+00:00,mlb_statsapi_people
Chase Lee,chase lee,R,695445,2026-06-03T18:39:33.836315+00:00,mlb_statsapi_people
Chase Petty,chase petty,R,695534,2026-06-03T18:39:33.836340+00:00,mlb_statsapi_people
Chase Shugart,chase shugart,R,663767,2026-06-03T18:39:32.455273+00:00,mlb_statsapi_people
Chase Silseth,chase silseth,R,681217,2026-06-03T18:39:33.289898+00:00,mlb_statsapi_people
Chris Bassitt,chris bassitt,R,605135,2026-06-03T18:39:31.901964+00:00,mlb_statsapi_people
Chris Devenski,chris devenski,R,606965,2026-06-03T18:39:31.902045+00:00,mlb_statsapi_people
Chris Martin,chris martin,R,455119,2026-06-03T18:39:31.901477+00:00,mlb_statsapi_people
Chris Murphy,chris murphy,L,669684,2026-06-03T18:39:33.012196+00:00,mlb_statsapi_people
Chris Paddack,chris paddack,R,663978,2026-06-03T18:39:32.727766+00:00,mlb_statsapi_people
Chris Roycroft,chris roycroft,R,688297,2026-06-03T18:39:33.566055+00:00,mlb_statsapi_people
Chris Sale,chris sale,L,519242,2026-06-03T18:39:31.901535+00:00,mlb_statsapi_people
Christian Koss,christian koss,R,683766,2026-06-03T18:39:33.565803+00:00,mlb_statsapi_people
Christian Roa,christian roa,R,685005,2026-06-03T18:39:33.565833+00:00,mlb_statsapi_people
Christian Scott,christian scott,R,681035,2026-06-03T18:39:33.289876+00:00,mlb_statsapi_people
Cionel Pérez,cionel pérez,L,672335,2026-06-03T18:39:33.012341+00:00,mlb_statsapi_people
Clay Holmes,clay holmes,R,605280,2026-06-03T18:39:31.901983+00:00,mlb_statsapi_people
Clayton Beeter,clayton beeter,R,690925,2026-06-03T18:39:33.566126+00:00,mlb_statsapi_people
Cody Bolton,cody bolton,R,675989,2026-06-03T18:39:33.012422+00:00,mlb_statsapi_people
Cody Laweryson,cody laweryson,R,689520,2026-06-03T18:39:33.566105+00:00,mlb_statsapi_people
Cody Ponce,cody ponce,R,664074,2026-06-03T18:39:32.727779+00:00,mlb_statsapi_people
Cole Henry,cole henry,R,669371,2026-06-03T18:39:33.012109+00:00,mlb_statsapi_people
Cole Ragans,cole ragans,L,666142,2026-06-03T18:39:32.727915+00:00,mlb_statsapi_people
Cole Sands,cole sands,R,663485,2026-06-03T18:39:32.455201+00:00,mlb_statsapi_people
Cole Sulser,cole sulser,R,642121,2026-06-03T18:39:32.173489+00:00,mlb_statsapi_people
Cole Wilcox,cole wilcox,R,677961,2026-06-03T18:39:33.289721+00:00,mlb_statsapi_people
Cole Winn,cole winn,R,668390,2026-06-03T18:39:32.727999+00:00,mlb_statsapi_people
Coleman Crow,coleman crow,R,689441,2026-06-03T18:39:33.566097+00:00,mlb_statsapi_people
Colin Holderman,colin holderman,R,670059,2026-06-03T18:39:33.012232+00:00,mlb_statsapi_people
Colin Rea,colin rea,R,607067,2026-06-03T18:39:31.902056+00:00,mlb_statsapi_people
Colton Gordon,colton gordon,L,676467,2026-06-03T18:39:33.012476+00:00,mlb_statsapi_people
Connelly Early,connelly early,L,813349,2026-06-03T18:39:34.109036+00:00,mlb_statsapi_people
Connor Brogdon,connor brogdon,R,641401,2026-06-03T18:39:32.173407+00:00,mlb_statsapi_people
Connor Phillips,connor phillips,R,683175,2026-06-03T18:39:33.565766+00:00,mlb_statsapi_people
Connor Prielipp,connor prielipp,L,687570,2026-06-03T18:39:33.566016+00:00,mlb_statsapi_people
Connor Seabold,connor seabold,R,657756,2026-06-03T18:39:32.455111+00:00,mlb_statsapi_people
Cooper Criswell,cooper criswell,R,681867,2026-06-03T18:39:33.289965+00:00,mlb_statsapi_people
Corbin Martin,corbin martin,R,656686,2026-06-03T18:39:32.454998+00:00,mlb_statsapi_people
Craig Kimbrel,craig kimbrel,R,518886,2026-06-03T18:39:31.901524+00:00,mlb_statsapi_people
Cristian Javier,cristian javier,R,664299,2026-06-03T18:39:32.727832+00:00,mlb_statsapi_people
Cristopher Sánchez,cristopher sánchez,L,650911,2026-06-03T18:39:32.454901+00:00,mlb_statsapi_people
César Salazar,césar salazar,R,663967,2026-06-03T18:39:32.727755+00:00,mlb_statsapi_people
Daniel Lynch IV,daniel lynch iv,L,663738,2026-06-03T18:39:32.455263+00:00,mlb_statsapi_people
Daniel Palencia,daniel palencia,R,694037,2026-06-03T18:39:33.836207+00:00,mlb_statsapi_people
Danny Coulombe,danny coulombe,L,543056,2026-06-03T18:39:31.901562+00:00,mlb_statsapi_people
David Bednar,david bednar,R,670280,2026-06-03T18:39:33.012261+00:00,mlb_statsapi_people
David Morgan,david morgan,R,688158,2026-06-03T18:39:33.566050+00:00,mlb_statsapi_people
David Peterson,david peterson,L,656849,2026-06-03T18:39:32.455019+00:00,mlb_statsapi_people
Davis Martin,davis martin,R,663436,2026-06-03T18:39:32.455185+00:00,mlb_statsapi_people
Dax Fulton,dax fulton,L,690978,2026-06-03T18:39:33.566142+00:00,mlb_statsapi_people
Dean Kremer,dean kremer,R,665152,2026-06-03T18:39:32.727872+00:00,mlb_statsapi_people
Dennis Santana,dennis santana,R,642701,2026-06-03T18:39:32.173531+00:00,mlb_statsapi_people
Devin Williams,devin williams,R,642207,2026-06-03T18:39:32.173499+00:00,mlb_statsapi_people
Didier Fuentes,didier fuentes,R,800311,2026-06-03T18:39:33.836520+00:00,mlb_statsapi_people
Dietrich Enns,dietrich enns,L,608650,2026-06-03T18:39:32.173179+00:00,mlb_statsapi_people
DL Hall,dl hall,L,669084,2026-06-03T18:39:32.728083+00:00,mlb_statsapi_people
Domingo Gonzalez,domingo gonzalez,R,682445,2026-06-03T18:39:33.290039+00:00,mlb_statsapi_people
Doug Nikhazy,doug nikhazy,L,680951,2026-06-03T18:39:33.289865+00:00,mlb_statsapi_people
Drew Anderson,drew anderson,R,623454,2026-06-03T18:39:32.173330+00:00,mlb_statsapi_people
Drew Pomeranz,drew pomeranz,L,519141,2026-06-03T18:39:31.901530+00:00,mlb_statsapi_people
Drew Rasmussen,drew rasmussen,R,656876,2026-06-03T18:39:32.455024+00:00,mlb_statsapi_people
Duncan Davitt,duncan davitt,R,701474,2026-06-03T18:39:33.836439+00:00,mlb_statsapi_people
Dustin May,dustin may,R,669160,2026-06-03T18:39:32.728094+00:00,mlb_statsapi_people
Dylan Cease,dylan cease,R,656302,2026-06-03T18:39:32.454939+00:00,mlb_statsapi_people
Dylan Dodd,dylan dodd,L,689266,2026-06-03T18:39:33.566086+00:00,mlb_statsapi_people
Dylan Lee,dylan lee,L,669276,2026-06-03T18:39:32.728136+00:00,mlb_statsapi_people
Dylan Moore,dylan moore,R,664238,2026-06-03T18:39:32.727817+00:00,mlb_statsapi_people
Dylan Smith,dylan smith,R,681916,2026-06-03T18:39:33.289991+00:00,mlb_statsapi_people
Easton McGee,easton mcgee,R,668834,2026-06-03T18:39:32.728020+00:00,mlb_statsapi_people
Edgardo Henriquez,edgardo henriquez,R,683618,2026-06-03T18:39:33.565783+00:00,mlb_statsapi_people
Eduard Bazardo,eduard bazardo,R,660825,2026-06-03T18:39:32.455137+00:00,mlb_statsapi_people
Eduardo Rivera,eduardo rivera,L,700842,2026-06-03T18:39:33.836430+00:00,mlb_statsapi_people
Eduardo Rodriguez,eduardo rodriguez,L,593958,2026-06-03T18:39:31.901892+00:00,mlb_statsapi_people
Edward Cabrera,edward cabrera,R,665795,2026-06-03T18:39:32.727893+00:00,mlb_statsapi_people
Edwin Díaz,edwin díaz,R,621242,2026-06-03T18:39:32.173241+00:00,mlb_statsapi_people
Eli Morgan,eli morgan,R,669212,2026-06-03T18:39:32.728120+00:00,mlb_statsapi_people
Elmer Rodríguez,elmer rodríguez,R,695684,2026-06-03T18:39:33.836346+00:00,mlb_statsapi_people
Elvis Alvarado,elvis alvarado,R,665660,2026-06-03T18:39:32.727888+00:00,mlb_statsapi_people
Emerson Hancock,emerson hancock,R,676106,2026-06-03T18:39:33.012433+00:00,mlb_statsapi_people
Emilio Pagán,emilio pagán,R,641941,2026-06-03T18:39:32.173473+00:00,mlb_statsapi_people
Emmet Sheehan,emmet sheehan,R,686218,2026-06-03T18:39:33.565861+00:00,mlb_statsapi_people
Enmanuel De Jesus,enmanuel de jesus,L,646241,2026-06-03T18:39:32.454868+00:00,mlb_statsapi_people
Enyel De Los Santos,enyel de los santos,R,660853,2026-06-03T18:39:32.455142+00:00,mlb_statsapi_people
Eric Cerantola,eric cerantola,R,672021,2026-06-03T18:39:33.012330+00:00,mlb_statsapi_people
Eric Lauer,eric lauer,L,641778,2026-06-03T18:39:32.173444+00:00,mlb_statsapi_people
Eric Orze,eric orze,R,679358,2026-06-03T18:39:33.289762+00:00,mlb_statsapi_people
Erick Fedde,erick fedde,R,607200,2026-06-03T18:39:32.173110+00:00,mlb_statsapi_people
Erik Miller,erik miller,L,669062,2026-06-03T18:39:32.728078+00:00,mlb_statsapi_people
Erik Sabrowski,erik sabrowski,L,681870,2026-06-03T18:39:33.289970+00:00,mlb_statsapi_people
Ethan Roberts,ethan roberts,R,681799,2026-06-03T18:39:33.289955+00:00,mlb_statsapi_people
Eury Pérez,eury pérez,R,691587,2026-06-03T18:39:33.566172+00:00,mlb_statsapi_people
Evan Sisk,evan sisk,L,681895,2026-06-03T18:39:33.289980+00:00,mlb_statsapi_people
Fernando Cruz,fernando cruz,R,518585,2026-06-03T18:39:31.901513+00:00,mlb_statsapi_people
Foster Griffin,foster griffin,L,656492,2026-06-03T18:39:32.454960+00:00,mlb_statsapi_people
Framber Valdez,framber valdez,L,664285,2026-06-03T18:39:32.727826+00:00,mlb_statsapi_people
Franco Aleman,franco aleman,R,680916,2026-06-03T18:39:33.289860+00:00,mlb_statsapi_people
Freddy Peralta,freddy peralta,R,642547,2026-06-03T18:39:32.173526+00:00,mlb_statsapi_people
Gabe Speier,gabe speier,L,642100,2026-06-03T18:39:32.173484+00:00,mlb_statsapi_people
Garrett Acton,garrett acton,R,670183,2026-06-03T18:39:33.012247+00:00,mlb_statsapi_people
Garrett Cleavinger,garrett cleavinger,L,664076,2026-06-03T18:39:32.727785+00:00,mlb_statsapi_people
Garrett Crochet,garrett crochet,L,676979,2026-06-03T18:39:33.289634+00:00,mlb_statsapi_people
Garrett Stubbs,garrett stubbs,R,596117,2026-06-03T18:39:31.901939+00:00,mlb_statsapi_people
Garrett Whitlock,garrett whitlock,R,676477,2026-06-03T18:39:33.012481+00:00,mlb_statsapi_people
Gavin Collyer,gavin collyer,R,686560,2026-06-03T18:39:33.565871+00:00,mlb_statsapi_people
Gavin Hollowell,gavin hollowell,R,668970,2026-06-03T18:39:32.728057+00:00,mlb_statsapi_people
Gavin Williams,gavin williams,R,668909,2026-06-03T18:39:32.728030+00:00,mlb_statsapi_people
George Kirby,george kirby,R,669923,2026-06-03T18:39:33.012216+00:00,mlb_statsapi_people
George Klassen,george klassen,R,691946,2026-06-03T18:39:33.566202+00:00,mlb_statsapi_people
George Soriano,george soriano,R,666277,2026-06-03T18:39:32.727942+00:00,mlb_statsapi_people
Germán Márquez,germán márquez,R,608566,2026-06-03T18:39:32.173174+00:00,mlb_statsapi_people
Gerrit Cole,gerrit cole,R,543037,2026-06-03T18:39:31.901556+00:00,mlb_statsapi_people
Gordon Graceffo,gordon graceffo,R,700669,2026-06-03T18:39:33.836419+00:00,mlb_statsapi_people
Graham Ashcraft,graham ashcraft,R,668933,2026-06-03T18:39:32.728036+00:00,mlb_statsapi_people
Grant Anderson,grant anderson,R,681982,2026-06-03T18:39:33.289999+00:00,mlb_statsapi_people
Grant Holmes,grant holmes,R,656550,2026-06-03T18:39:32.454977+00:00,mlb_statsapi_people
Grant Taylor,grant taylor,R,691799,2026-06-03T18:39:33.566191+00:00,mlb_statsapi_people
Grant Wolfram,grant wolfram,L,664991,2026-06-03T18:39:32.727867+00:00,mlb_statsapi_people
Greg Weissert,greg weissert,R,669711,2026-06-03T18:39:33.012201+00:00,mlb_statsapi_people
Gregory Santos,gregory santos,R,666619,2026-06-03T18:39:32.727953+00:00,mlb_statsapi_people
Gregory Soto,gregory soto,L,642397,2026-06-03T18:39:32.173515+00:00,mlb_statsapi_people
Griffin Canning,griffin canning,R,656288,2026-06-03T18:39:32.454933+00:00,mlb_statsapi_people
Griffin Jax,griffin jax,R,643377,2026-06-03T18:39:32.454844+00:00,mlb_statsapi_people
Gus Varland,gus varland,R,681402,2026-06-03T18:39:33.289925+00:00,mlb_statsapi_people
Hoby Milner,hoby milner,L,571948,2026-06-03T18:39:31.901779+00:00,mlb_statsapi_people
Hogan Harris,hogan harris,L,663687,2026-06-03T18:39:32.455258+00:00,mlb_statsapi_people
Huascar Brazobán,huascar brazobán,R,623211,2026-06-03T18:39:32.173320+00:00,mlb_statsapi_people
Hunter Barco,hunter barco,L,682995,2026-06-03T18:39:33.565730+00:00,mlb_statsapi_people
Hunter Bigge,hunter bigge,R,685801,2026-06-03T18:39:33.565855+00:00,mlb_statsapi_people
Hunter Brown,hunter brown,R,686613,2026-06-03T18:39:33.565905+00:00,mlb_statsapi_people
Hunter Dobbins,hunter dobbins,R,690928,2026-06-03T18:39:33.566131+00:00,mlb_statsapi_people
Hunter Gaddis,hunter gaddis,R,683769,2026-06-03T18:39:33.565808+00:00,mlb_statsapi_people
Hunter Harvey,hunter harvey,R,640451,2026-06-03T18:39:32.173377+00:00,mlb_statsapi_people
Hunter Stratton,hunter stratton,R,676702,2026-06-03T18:39:33.012528+00:00,mlb_statsapi_people
Ian Hamilton,ian hamilton,R,641656,2026-06-03T18:39:32.173418+00:00,mlb_statsapi_people
Ian Seymour,ian seymour,L,693855,2026-06-03T18:39:33.836187+00:00,mlb_statsapi_people
Isaac Mattson,isaac mattson,R,676755,2026-06-03T18:39:33.012542+00:00,mlb_statsapi_people
Jack Anderson,jack anderson,R,681252,2026-06-03T18:39:33.289904+00:00,mlb_statsapi_people
Jack Dreyer,jack dreyer,L,676263,2026-06-03T18:39:33.012450+00:00,mlb_statsapi_people
Jack Flaherty,jack flaherty,R,656427,2026-06-03T18:39:32.454944+00:00,mlb_statsapi_people
Jack Kochanowicz,jack kochanowicz,R,686799,2026-06-03T18:39:33.565920+00:00,mlb_statsapi_people
Jack Leiter,jack leiter,R,683004,2026-06-03T18:39:33.565760+00:00,mlb_statsapi_people
Jack Perkins,jack perkins,R,678022,2026-06-03T18:39:33.289732+00:00,mlb_statsapi_people
Jackson Rutledge,jackson rutledge,R,671131,2026-06-03T18:39:33.012304+00:00,mlb_statsapi_people
Jacob deGrom,jacob degrom,R,594798,2026-06-03T18:39:31.901912+00:00,mlb_statsapi_people
Jacob Latz,jacob latz,L,656641,2026-06-03T18:39:32.454993+00:00,mlb_statsapi_people
Jacob Lopez,jacob lopez,L,682052,2026-06-03T18:39:33.290004+00:00,mlb_statsapi_people
Jacob Misiorowski,jacob misiorowski,R,694819,2026-06-03T18:39:33.836271+00:00,mlb_statsapi_people
Jacob Webb,jacob webb,R,657097,2026-06-03T18:39:32.455044+00:00,mlb_statsapi_people
Jaden Hill,jaden hill,R,677955,2026-06-03T18:39:33.289705+00:00,mlb_statsapi_people
Jake Bennett,jake bennett,L,687562,2026-06-03T18:39:33.566011+00:00,mlb_statsapi_people
Jake Bird,jake bird,R,656234,2026-06-03T18:39:32.454923+00:00,mlb_statsapi_people
Jake Eder,jake eder,L,671109,2026-06-03T18:39:33.012299+00:00,mlb_statsapi_people
Jake Irvin,jake irvin,R,663623,2026-06-03T18:39:32.455253+00:00,mlb_statsapi_people
Jake Rogers,jake rogers,R,668670,2026-06-03T18:39:32.728004+00:00,mlb_statsapi_people
Jake Woodford,jake woodford,R,663765,2026-06-03T18:39:32.455268+00:00,mlb_statsapi_people
Jakob Junis,jakob junis,R,596001,2026-06-03T18:39:31.901934+00:00,mlb_statsapi_people
Jalen Beeks,jalen beeks,L,656222,2026-06-03T18:39:32.454912+00:00,mlb_statsapi_people
James McCann,james mccann,R,543510,2026-06-03T18:39:31.901584+00:00,mlb_statsapi_people
Jameson Taillon,jameson taillon,R,592791,2026-06-03T18:39:31.901875+00:00,mlb_statsapi_people
Janson Junk,janson junk,R,676083,2026-06-03T18:39:33.012428+00:00,mlb_statsapi_people
Jared Koenig,jared koenig,L,657649,2026-06-03T18:39:32.455101+00:00,mlb_statsapi_people
Jared Shuster,jared shuster,L,694363,2026-06-03T18:39:33.836246+00:00,mlb_statsapi_people
Jason Adam,jason adam,R,592094,2026-06-03T18:39:31.901831+00:00,mlb_statsapi_people
Jason Alexander,jason alexander,R,669920,2026-06-03T18:39:33.012211+00:00,mlb_statsapi_people
Javier Assad,javier assad,R,665871,2026-06-03T18:39:32.727904+00:00,mlb_statsapi_people
Jayden Murray,jayden murray,R,681151,2026-06-03T18:39:33.289881+00:00,mlb_statsapi_people
Jedixson Paez,jedixson paez,R,699151,2026-06-03T18:39:33.836394+00:00,mlb_statsapi_people
Jeff Hoffman,jeff hoffman,R,656546,2026-06-03T18:39:32.454971+00:00,mlb_statsapi_people
Jeffrey Springs,jeffrey springs,L,605488,2026-06-03T18:39:31.902026+00:00,mlb_statsapi_people
Jeremiah Estrada,jeremiah estrada,R,669093,2026-06-03T18:39:32.728089+00:00,mlb_statsapi_people
Jesse Scholtens,jesse scholtens,R,669947,2026-06-03T18:39:33.012222+00:00,mlb_statsapi_people
Jesús Luzardo,jesús luzardo,L,666200,2026-06-03T18:39:32.727932+00:00,mlb_statsapi_people
Jhoan Duran,jhoan duran,R,661395,2026-06-03T18:39:32.455148+00:00,mlb_statsapi_people
Jimmy Herget,jimmy herget,R,623474,2026-06-03T18:39:32.173336+00:00,mlb_statsapi_people
Joe Boyle,joe boyle,R,671212,2026-06-03T18:39:33.012310+00:00,mlb_statsapi_people
Joe Mantiply,joe mantiply,L,573009,2026-06-03T18:39:31.901795+00:00,mlb_statsapi_people
Joe Ross,joe ross,R,605452,2026-06-03T18:39:31.902016+00:00,mlb_statsapi_people
Joe Ryan,joe ryan,R,657746,2026-06-03T18:39:32.455106+00:00,mlb_statsapi_people
Joel Kuhnel,joel kuhnel,R,669270,2026-06-03T18:39:32.728128+00:00,mlb_statsapi_people
Joel Payamps,joel payamps,R,606303,2026-06-03T18:39:31.902040+00:00,mlb_statsapi_people
Joel Peguero,joel peguero,R,666711,2026-06-03T18:39:32.727963+00:00,mlb_statsapi_people
Joey Cantillo,joey cantillo,L,676282,2026-06-03T18:39:33.012455+00:00,mlb_statsapi_people
Joey Gerber,joey gerber,R,680702,2026-06-03T18:39:33.289803+00:00,mlb_statsapi_people
Joey Lucchesi,joey lucchesi,L,664192,2026-06-03T18:39:32.727801+00:00,mlb_statsapi_people
Joey Wiemer,joey wiemer,R,686894,2026-06-03T18:39:33.565925+00:00,mlb_statsapi_people
Johan Oviedo,johan oviedo,R,670912,2026-06-03T18:39:33.012272+00:00,mlb_statsapi_people
John King,john king,L,667463,2026-06-03T18:39:32.727988+00:00,mlb_statsapi_people
John Klein,john klein,R,804619,2026-06-03T18:39:33.836540+00:00,mlb_statsapi_people
John Schreiber,john schreiber,R,670167,2026-06-03T18:39:33.012242+00:00,mlb_statsapi_people
JoJo Romero,jojo romero,L,668941,2026-06-03T18:39:32.728041+00:00,mlb_statsapi_people
Jonathan Bowlan,jonathan bowlan,R,680742,2026-06-03T18:39:33.289830+00:00,mlb_statsapi_people
Jonathan Loáisiga,jonathan loáisiga,R,642528,2026-06-03T18:39:32.173521+00:00,mlb_statsapi_people
Jordan Hicks,jordan hicks,R,663855,2026-06-03T18:39:32.727666+00:00,mlb_statsapi_people
Jordan Leasure,jordan leasure,R,673929,2026-06-03T18:39:33.012372+00:00,mlb_statsapi_people
Jordan Romano,jordan romano,R,605447,2026-06-03T18:39:31.902010+00:00,mlb_statsapi_people
Jose Espada,jose espada,R,664744,2026-06-03T18:39:32.727851+00:00,mlb_statsapi_people
Jose Franco,jose franco,R,683742,2026-06-03T18:39:33.565797+00:00,mlb_statsapi_people
Jose Quintana,jose quintana,L,500779,2026-06-03T18:39:31.901507+00:00,mlb_statsapi_people
Jose Trevino,jose trevino,R,624431,2026-06-03T18:39:32.173351+00:00,mlb_statsapi_people
Josh Ekness,josh ekness,R,694795,2026-06-03T18:39:33.836266+00:00,mlb_statsapi_people
Josh Fleming,josh fleming,L,676596,2026-06-03T18:39:33.012513+00:00,mlb_statsapi_people
Josh Simpson,josh simpson,L,681006,2026-06-03T18:39:33.289871+00:00,mlb_statsapi_people
Josh Walker,josh walker,L,677020,2026-06-03T18:39:33.289639+00:00,mlb_statsapi_people
José A. Ferrer,josé a ferrer,L,678606,2026-06-03T18:39:33.289751+00:00,mlb_statsapi_people
José Alvarado,josé alvarado,L,621237,2026-06-03T18:39:32.173235+00:00,mlb_statsapi_people
José Buttó,josé buttó,R,676130,2026-06-03T18:39:33.012439+00:00,mlb_statsapi_people
José Fermin,josé fermin,R,820862,2026-06-03T18:39:34.109066+00:00,mlb_statsapi_people
José Soriano,josé soriano,R,667755,2026-06-03T18:39:32.727994+00:00,mlb_statsapi_people
José Suarez,josé suarez,L,660761,2026-06-03T18:39:32.455127+00:00,mlb_statsapi_people
José Urquidy,josé urquidy,R,664353,2026-06-03T18:39:32.727838+00:00,mlb_statsapi_people
Jovani Morán,jovani morán,L,663558,2026-06-03T18:39:32.455222+00:00,mlb_statsapi_people
J.P. France,jp france,R,641585,2026-06-03T18:39:32.173412+00:00,mlb_statsapi_people
JR Ritchie,jr ritchie,R,702275,2026-06-03T18:39:33.836497+00:00,mlb_statsapi_people
JT Brubaker,jt brubaker,R,664141,2026-06-03T18:39:32.727796+00:00,mlb_statsapi_people
J.T. Ginn,jt ginn,R,669372,2026-06-03T18:39:33.012137+00:00,mlb_statsapi_people
Juan Mejia,juan mejia,R,675848,2026-06-03T18:39:33.012404+00:00,mlb_statsapi_people
Juan Morillo,juan morillo,R,666661,2026-06-03T18:39:32.727958+00:00,mlb_statsapi_people
Julian Fernández,julian fernández,R,642759,2026-06-03T18:39:32.454821+00:00,mlb_statsapi_people
Justin Bruihl,justin bruihl,L,677865,2026-06-03T18:39:33.289655+00:00,mlb_statsapi_people
Justin Lawrence,justin lawrence,R,664875,2026-06-03T18:39:32.727861+00:00,mlb_statsapi_people
Justin Slaten,justin slaten,R,686580,2026-06-03T18:39:33.565876+00:00,mlb_statsapi_people
Justin Sterner,justin sterner,R,686993,2026-06-03T18:39:33.565944+00:00,mlb_statsapi_people
Justin Topa,justin topa,R,623437,2026-06-03T18:39:32.173325+00:00,mlb_statsapi_people
Justin Verlander,justin verlander,R,434378,2026-06-03T18:39:31.901438+00:00,mlb_statsapi_people
Justin Wrobleski,justin wrobleski,L,680736,2026-06-03T18:39:33.289825+00:00,mlb_statsapi_people
Kai-Wei Teng,kai wei teng,R,678906,2026-06-03T18:39:33.289756+00:00,mlb_statsapi_people
Keaton Winn,keaton winn,R,676775,2026-06-03T18:39:33.289605+00:00,mlb_statsapi_people
Keegan Akin,keegan akin,L,669211,2026-06-03T18:39:32.728115+00:00,mlb_statsapi_people
Keider Montero,keider montero,R,672456,2026-06-03T18:39:33.012346+00:00,mlb_statsapi_people
Ken Waldichuk,ken waldichuk,L,686610,2026-06-03T18:39:33.565897+00:00,mlb_statsapi_people
Kendry Rojas,kendry rojas,L,696070,2026-06-03T18:39:33.836360+00:00,mlb_statsapi_people
Kenley Jansen,kenley jansen,R,445276,2026-06-03T18:39:31.901464+00:00,mlb_statsapi_people
Kervin Castro,kervin castro,R,665645,2026-06-03T18:39:32.727882+00:00,mlb_statsapi_people
Kevin Gausman,kevin gausman,R,592332,2026-06-03T18:39:31.901836+00:00,mlb_statsapi_people
Kevin Ginkel,kevin ginkel,R,656464,2026-06-03T18:39:32.454954+00:00,mlb_statsapi_people
Kevin Kelly,kevin kelly,R,687330,2026-06-03T18:39:33.565980+00:00,mlb_statsapi_people
Kirby Yates,kirby yates,R,489446,2026-06-03T18:39:31.901496+00:00,mlb_statsapi_people
Kodai Senga,kodai senga,R,673540,2026-06-03T18:39:33.012367+00:00,mlb_statsapi_people
Kody Funderburk,kody funderburk,L,681892,2026-06-03T18:39:33.289975+00:00,mlb_statsapi_people
Kolby Allard,kolby allard,L,663465,2026-06-03T18:39:32.455196+00:00,mlb_statsapi_people
Kris Bubic,kris bubic,L,663460,2026-06-03T18:39:32.455190+00:00,mlb_statsapi_people
Kumar Rocker,kumar rocker,R,677958,2026-06-03T18:39:33.289711+00:00,mlb_statsapi_people
Kyle Backhus,kyle backhus,L,679775,2026-06-03T18:39:33.289767+00:00,mlb_statsapi_people
Kyle Bradish,kyle bradish,R,680694,2026-06-03T18:39:33.289798+00:00,mlb_statsapi_people
Kyle Finnegan,kyle finnegan,R,640448,2026-06-03T18:39:32.173372+00:00,mlb_statsapi_people
Kyle Freeland,kyle freeland,L,607536,2026-06-03T18:39:32.173131+00:00,mlb_statsapi_people
Kyle Harrison,kyle harrison,L,690986,2026-06-03T18:39:33.566147+00:00,mlb_statsapi_people
Kyle Hart,kyle hart,L,606996,2026-06-03T18:39:31.902051+00:00,mlb_statsapi_people
Kyle Hurt,kyle hurt,R,669165,2026-06-03T18:39:32.728099+00:00,mlb_statsapi_people
Kyle Leahy,kyle leahy,R,681517,2026-06-03T18:39:33.289938+00:00,mlb_statsapi_people
Kyle Nicolas,kyle nicolas,R,693312,2026-06-03T18:39:33.836158+00:00,mlb_statsapi_people
Lake Bachar,lake bachar,R,669199,2026-06-03T18:39:32.728110+00:00,mlb_statsapi_people
Lance McCullers Jr.,lance mccullers jr,R,621121,2026-06-03T18:39:32.173224+00:00,mlb_statsapi_people
Landen Roupp,landen roupp,R,694738,2026-06-03T18:39:33.836261+00:00,mlb_statsapi_people
Lazaro Estrada,lazaro estrada,R,681751,2026-06-03T18:39:33.289949+00:00,mlb_statsapi_people
Logan Gilbert,logan gilbert,R,669302,2026-06-03T18:39:32.728141+00:00,mlb_statsapi_people
Logan Henderson,logan henderson,R,701656,2026-06-03T18:39:33.836463+00:00,mlb_statsapi_people
Logan VanWey,logan vanwey,R,701121,2026-06-03T18:39:33.836435+00:00,mlb_statsapi_people
Logan Webb,logan webb,R,657277,2026-06-03T18:39:32.455049+00:00,mlb_statsapi_people
Lou Trivino,lou trivino,R,642152,2026-06-03T18:39:32.173494+00:00,mlb_statsapi_people
Louis Varland,louis varland,R,686973,2026-06-03T18:39:33.565935+00:00,mlb_statsapi_people
Lucas Erceg,lucas erceg,R,668674,2026-06-03T18:39:32.728009+00:00,mlb_statsapi_people
Lucas Sims,lucas sims,R,608371,2026-06-03T18:39:32.173157+00:00,mlb_statsapi_people
Luinder Avila,luinder avila,R,679883,2026-06-03T18:39:33.289777+00:00,mlb_statsapi_people
Luis Castillo,luis castillo,R,622491,2026-06-03T18:39:32.173269+00:00,mlb_statsapi_people
Luis Curvelo,luis curvelo,R,681168,2026-06-03T18:39:33.289887+00:00,mlb_statsapi_people
Luis García,luis garcía,R,472610,2026-06-03T18:39:31.901490+00:00,mlb_statsapi_people
Luis Gil,luis gil,R,661563,2026-06-03T18:39:32.455153+00:00,mlb_statsapi_people
Luis Medina,luis medina,R,665622,2026-06-03T18:39:32.727877+00:00,mlb_statsapi_people
Luis Mey,luis mey,R,682825,2026-06-03T18:39:33.290055+00:00,mlb_statsapi_people
Luis Morales,luis morales,R,806960,2026-06-03T18:39:33.836571+00:00,mlb_statsapi_people
Luis Severino,luis severino,R,622663,2026-06-03T18:39:32.173285+00:00,mlb_statsapi_people
Luke Little,luke little,L,681432,2026-06-03T18:39:33.289930+00:00,mlb_statsapi_people
Luke Weaver,luke weaver,R,596133,2026-06-03T18:39:31.901945+00:00,mlb_statsapi_people
MacKenzie Gore,mackenzie gore,L,669022,2026-06-03T18:39:32.728073+00:00,mlb_statsapi_people
Mark Leiter Jr.,mark leiter jr,R,643410,2026-06-03T18:39:32.454851+00:00,mlb_statsapi_people
Martín Pérez,martín pérez,L,527048,2026-06-03T18:39:31.901541+00:00,mlb_statsapi_people
Mason Barnett,mason barnett,R,686930,2026-06-03T18:39:33.565931+00:00,mlb_statsapi_people
Mason Black,mason black,R,696131,2026-06-03T18:39:33.836365+00:00,mlb_statsapi_people
Mason Englert,mason englert,R,669438,2026-06-03T18:39:33.012160+00:00,mlb_statsapi_people
Mason Fluharty,mason fluharty,L,689254,2026-06-03T18:39:33.566081+00:00,mlb_statsapi_people
Mason Miller,mason miller,R,695243,2026-06-03T18:39:33.836300+00:00,mlb_statsapi_people
Mason Montgomery,mason montgomery,L,682254,2026-06-03T18:39:33.290028+00:00,mlb_statsapi_people
Matt Brash,matt brash,R,666374,2026-06-03T18:39:32.727947+00:00,mlb_statsapi_people
Matt Festa,matt festa,R,670036,2026-06-03T18:39:33.012227+00:00,mlb_statsapi_people
Matt Gage,matt gage,L,657424,2026-06-03T18:39:32.455070+00:00,mlb_statsapi_people
Matt Pushard,matt pushard,R,690155,2026-06-03T18:39:33.566121+00:00,mlb_statsapi_people
Matt Strahm,matt strahm,L,621381,2026-06-03T18:39:32.173252+00:00,mlb_statsapi_people
Matt Svanson,matt svanson,R,694335,2026-06-03T18:39:33.836226+00:00,mlb_statsapi_people
Matt Waldron,matt waldron,R,663362,2026-06-03T18:39:32.455169+00:00,mlb_statsapi_people
Matthew Boyd,matthew boyd,L,571510,2026-06-03T18:39:31.901626+00:00,mlb_statsapi_people
Matthew Liberatore,matthew liberatore,L,669461,2026-06-03T18:39:33.012166+00:00,mlb_statsapi_people
Max Fried,max fried,L,608331,2026-06-03T18:39:32.173151+00:00,mlb_statsapi_people
Max Meyer,max meyer,R,676974,2026-06-03T18:39:33.289628+00:00,mlb_statsapi_people
Max Scherzer,max scherzer,R,453286,2026-06-03T18:39:31.901471+00:00,mlb_statsapi_people
Merrill Kelly,merrill kelly,R,518876,2026-06-03T18:39:31.901518+00:00,mlb_statsapi_people
Michael Kelly,michael kelly,R,547184,2026-06-03T18:39:31.901600+00:00,mlb_statsapi_people
Michael King,michael king,R,650633,2026-06-03T18:39:32.454890+00:00,mlb_statsapi_people
Michael Lorenzen,michael lorenzen,R,547179,2026-06-03T18:39:31.901595+00:00,mlb_statsapi_people
Michael McGreevy,michael mcgreevy,R,700241,2026-06-03T18:39:33.836404+00:00,mlb_statsapi_people
Michael Petersen,michael petersen,R,656848,2026-06-03T18:39:32.455013+00:00,mlb_statsapi_people
Michael Soroka,michael soroka,R,647336,2026-06-03T18:39:32.454880+00:00,mlb_statsapi_people
Michael Wacha,michael wacha,R,608379,2026-06-03T18:39:32.173168+00:00,mlb_statsapi_people
Mick Abel,mick abel,R,690953,2026-06-03T18:39:33.566136+00:00,mlb_statsapi_people
Miguel Rojas,miguel rojas,R,500743,2026-06-03T18:39:31.901501+00:00,mlb_statsapi_people
Mike Burrows,mike burrows,R,681347,2026-06-03T18:39:33.289920+00:00,mlb_statsapi_people
Miles Mikolas,miles mikolas,R,571945,2026-06-03T18:39:31.901773+00:00,mlb_statsapi_people
Mitch Farris,mitch farris,L,815083,2026-06-03T18:39:34.109058+00:00,mlb_statsapi_people
Mitch Keller,mitch keller,R,656605,2026-06-03T18:39:32.454982+00:00,mlb_statsapi_people
Mitch Spence,mitch spence,R,687765,2026-06-03T18:39:33.566026+00:00,mlb_statsapi_people
Mitchell Parker,mitchell parker,L,680730,2026-06-03T18:39:33.289814+00:00,mlb_statsapi_people
Nathan Eovaldi,nathan eovaldi,R,543135,2026-06-03T18:39:31.901570+00:00,mlb_statsapi_people
Nick Davila,nick davila,R,689546,2026-06-03T18:39:33.566110+00:00,mlb_statsapi_people
Nick Lodolo,nick lodolo,L,666157,2026-06-03T18:39:32.727920+00:00,mlb_statsapi_people
Nick Martinez,nick martinez,R,607259,2026-06-03T18:39:32.173116+00:00,mlb_statsapi_people
Nick Mears,nick mears,R,683232,2026-06-03T18:39:33.565772+00:00,mlb_statsapi_people
Nick Pivetta,nick pivetta,R,601713,2026-06-03T18:39:31.901950+00:00,mlb_statsapi_people
Nick Raquet,nick raquet,L,675919,2026-06-03T18:39:33.012414+00:00,mlb_statsapi_people
Nick Sandlin,nick sandlin,R,680704,2026-06-03T18:39:33.289809+00:00,mlb_statsapi_people
Noah Cameron,noah cameron,L,702070,2026-06-03T18:39:33.836477+00:00,mlb_statsapi_people
Noah Schultz,noah schultz,L,702273,2026-06-03T18:39:33.836492+00:00,mlb_statsapi_people
Nolan Hoffman,nolan hoffman,R,676510,2026-06-03T18:39:33.012492+00:00,mlb_statsapi_people
Nolan McLean,nolan mclean,R,690997,2026-06-03T18:39:33.566161+00:00,mlb_statsapi_people
Orion Kerkering,orion kerkering,R,689147,2026-06-03T18:39:33.566076+00:00,mlb_statsapi_people
Orlando Ribalta,orlando ribalta,R,687377,2026-06-03T18:39:33.565986+00:00,mlb_statsapi_people
Osvaldo Bido,osvaldo bido,R,674370,2026-06-03T18:39:33.012378+00:00,mlb_statsapi_people
Parker Messick,parker messick,L,800048,2026-06-03T18:39:33.836512+00:00,mlb_statsapi_people
Patrick Corbin,patrick corbin,L,571578,2026-06-03T18:39:31.901752+00:00,mlb_statsapi_people
Paul Blackburn,paul blackburn,R,621112,2026-06-03T18:39:32.173214+00:00,mlb_statsapi_people
Paul Gervase,paul gervase,R,801434,2026-06-03T18:39:33.836535+00:00,mlb_statsapi_people
Paul Sewald,paul sewald,R,623149,2026-06-03T18:39:32.173291+00:00,mlb_statsapi_people
Paul Skenes,paul skenes,R,694973,2026-06-03T18:39:33.836290+00:00,mlb_statsapi_people
Paxton Schultz,paxton schultz,R,687606,2026-06-03T18:39:33.566021+00:00,mlb_statsapi_people
Payton Tolle,payton tolle,L,801139,2026-06-03T18:39:33.836525+00:00,mlb_statsapi_people
Pete Fairbanks,pete fairbanks,R,664126,2026-06-03T18:39:32.727790+00:00,mlb_statsapi_people
Peter Lambert,peter lambert,R,663567,2026-06-03T18:39:32.455237+00:00,mlb_statsapi_people
Peyton Gray,peyton gray,R,682608,2026-06-03T18:39:33.290044+00:00,mlb_statsapi_people
Peyton Pallette,peyton pallette,R,688883,2026-06-03T18:39:33.566071+00:00,mlb_statsapi_people
Phil Maton,phil maton,R,664208,2026-06-03T18:39:32.727812+00:00,mlb_statsapi_people
Philip Abner,philip abner,L,691769,2026-06-03T18:39:33.566186+00:00,mlb_statsapi_people
Pierce Johnson,pierce johnson,R,572955,2026-06-03T18:39:31.901789+00:00,mlb_statsapi_people
P.J. Higgins,pj higgins,R,664731,2026-06-03T18:39:32.727845+00:00,mlb_statsapi_people
PJ Poulin,pj poulin,L,676571,2026-06-03T18:39:33.012507+00:00,mlb_statsapi_people
Raisel Iglesias,raisel iglesias,R,628452,2026-06-03T18:39:32.173367+00:00,mlb_statsapi_people
Randy Vásquez,randy vásquez,R,681190,2026-06-03T18:39:33.289892+00:00,mlb_statsapi_people
Ranger Suarez,ranger suarez,L,624133,2026-06-03T18:39:32.173341+00:00,mlb_statsapi_people
Reese McGuire,reese mcguire,R,624512,2026-06-03T18:39:32.173356+00:00,mlb_statsapi_people
Reid Detmers,reid detmers,L,672282,2026-06-03T18:39:33.012335+00:00,mlb_statsapi_people
Reynaldo López,reynaldo lópez,R,625643,2026-06-03T18:39:32.173362+00:00,mlb_statsapi_people
Rhett Lowder,rhett lowder,R,695076,2026-06-03T18:39:33.836295+00:00,mlb_statsapi_people
Richard Lovelady,richard lovelady,L,663992,2026-06-03T18:39:32.727773+00:00,mlb_statsapi_people
Ricky Vanasco,ricky vanasco,R,676568,2026-06-03T18:39:33.012502+00:00,mlb_statsapi_people
Rico Garcia,rico garcia,R,670329,2026-06-03T18:39:33.012266+00:00,mlb_statsapi_people
Riley Cornelio,riley cornelio,R,683000,2026-06-03T18:39:33.565753+00:00,mlb_statsapi_people
Riley Martin,riley martin,L,702303,2026-06-03T18:39:33.836507+00:00,mlb_statsapi_people
Riley O'Brien,riley o'brien,R,676617,2026-06-03T18:39:33.012518+00:00,mlb_statsapi_people
Robbie Ray,robbie ray,L,592662,2026-06-03T18:39:31.901842+00:00,mlb_statsapi_people
Robby Snelling,robby snelling,L,702281,2026-06-03T18:39:33.836502+00:00,mlb_statsapi_people
Robert Garcia,robert garcia,L,676395,2026-06-03T18:39:33.012460+00:00,mlb_statsapi_people
Robert Suarez,robert suarez,R,663158,2026-06-03T18:39:32.455164+00:00,mlb_statsapi_people
Roddery Muñoz,roddery muñoz,R,682610,2026-06-03T18:39:33.290050+00:00,mlb_statsapi_people
Roki Sasaki,roki sasaki,R,808963,2026-06-03T18:39:33.836576+00:00,mlb_statsapi_people
Rolddy Muñoz,rolddy muñoz,R,691548,2026-06-03T18:39:33.566167+00:00,mlb_statsapi_people
Ron Marinaccio,ron marinaccio,R,676760,2026-06-03T18:39:33.289581+00:00,mlb_statsapi_people
Ryan Borucki,ryan borucki,L,621366,2026-06-03T18:39:32.173247+00:00,mlb_statsapi_people
Ryan Feltner,ryan feltner,R,663372,2026-06-03T18:39:32.455175+00:00,mlb_statsapi_people
Ryan Fernandez,ryan fernandez,R,681676,2026-06-03T18:39:33.289944+00:00,mlb_statsapi_people
Ryan Gusto,ryan gusto,R,687473,2026-06-03T18:39:33.565996+00:00,mlb_statsapi_people
Ryan Helsley,ryan helsley,R,664854,2026-06-03T18:39:32.727856+00:00,mlb_statsapi_people
Ryan Johnson,ryan johnson,R,696270,2026-06-03T18:39:33.836383+00:00,mlb_statsapi_people
Ryan Rolison,ryan rolison,L,669020,2026-06-03T18:39:32.728068+00:00,mlb_statsapi_people
Ryan Thompson,ryan thompson,R,657044,2026-06-03T18:39:32.455039+00:00,mlb_statsapi_people
Ryan Walker,ryan walker,R,676254,2026-06-03T18:39:33.012445+00:00,mlb_statsapi_people
Ryan Watson,ryan watson,R,670245,2026-06-03T18:39:33.012256+00:00,mlb_statsapi_people
Ryan Weathers,ryan weathers,L,677960,2026-06-03T18:39:33.289716+00:00,mlb_statsapi_people
Ryan Weiss,ryan weiss,R,680802,2026-06-03T18:39:33.289851+00:00,mlb_statsapi_people
Ryan Yarbrough,ryan yarbrough,L,642232,2026-06-03T18:39:32.173510+00:00,mlb_statsapi_people
Ryan Zeferjahn,ryan zeferjahn,R,666171,2026-06-03T18:39:32.727926+00:00,mlb_statsapi_people
Ryne Nelson,ryne nelson,R,669194,2026-06-03T18:39:32.728104+00:00,mlb_statsapi_people
Ryne Stanek,ryne stanek,R,592773,2026-06-03T18:39:31.901862+00:00,mlb_statsapi_people
Sam Aldegheri,sam aldegheri,L,691951,2026-06-03T18:39:33.566207+00:00,mlb_statsapi_people
Sam Bachman,sam bachman,R,696147,2026-06-03T18:39:33.836370+00:00,mlb_statsapi_people
Sam Hentges,sam hentges,L,656529,2026-06-03T18:39:32.454965+00:00,mlb_statsapi_people
Sam Moll,sam moll,L,594580,2026-06-03T18:39:31.901906+00:00,mlb_statsapi_people
Sandy Alcantara,sandy alcantara,R,645261,2026-06-03T18:39:32.454863+00:00,mlb_statsapi_people
Scott Barlow,scott barlow,R,605130,2026-06-03T18:39:31.901958+00:00,mlb_statsapi_people
Sean Burke,sean burke,R,680732,2026-06-03T18:39:33.289819+00:00,mlb_statsapi_people
Sean Manaea,sean manaea,L,640455,2026-06-03T18:39:32.173383+00:00,mlb_statsapi_people
Sean Newcomb,sean newcomb,L,656794,2026-06-03T18:39:32.455008+00:00,mlb_statsapi_people
Seranthony Domínguez,seranthony domínguez,R,622554,2026-06-03T18:39:32.173274+00:00,mlb_statsapi_people
Seth Halvorsen,seth halvorsen,R,678020,2026-06-03T18:39:33.289727+00:00,mlb_statsapi_people
Seth Johnson,seth johnson,R,686751,2026-06-03T18:39:33.565910+00:00,mlb_statsapi_people
Seth Lugo,seth lugo,R,607625,2026-06-03T18:39:32.173136+00:00,mlb_statsapi_people
Shane Baz,shane baz,R,669358,2026-06-03T18:39:32.728152+00:00,mlb_statsapi_people
Shane Drohan,shane drohan,L,675660,2026-06-03T18:39:33.012398+00:00,mlb_statsapi_people
Shane McClanahan,shane mcclanahan,L,663556,2026-06-03T18:39:32.455217+00:00,mlb_statsapi_people
Shane Smith,shane smith,R,681343,2026-06-03T18:39:33.289914+00:00,mlb_statsapi_people
Shaun Anderson,shaun anderson,R,641312,2026-06-03T18:39:32.173396+00:00,mlb_statsapi_people
Shawn Armstrong,shawn armstrong,R,542888,2026-06-03T18:39:31.901551+00:00,mlb_statsapi_people
Shohei Ohtani,shohei ohtani,R,660271,2026-06-03T18:39:32.455116+00:00,mlb_statsapi_people
Shota Imanaga,shota imanaga,L,684007,2026-06-03T18:39:33.565814+00:00,mlb_statsapi_people
Simeon Woods Richardson,simeon woods richardson,R,680573,2026-06-03T18:39:33.289784+00:00,mlb_statsapi_people
Slade Cecconi,slade cecconi,R,677944,2026-06-03T18:39:33.289661+00:00,mlb_statsapi_people
Sonny Gray,sonny gray,R,543243,2026-06-03T18:39:31.901576+00:00,mlb_statsapi_people
Spencer Arrighetti,spencer arrighetti,R,681293,2026-06-03T18:39:33.289909+00:00,mlb_statsapi_people
Spencer Miles,spencer miles,R,693686,2026-06-03T18:39:33.836175+00:00,mlb_statsapi_people
Spencer Strider,spencer strider,R,675911,2026-06-03T18:39:33.012409+00:00,mlb_statsapi_people
Stephen Kolek,stephen kolek,R,663568,2026-06-03T18:39:32.455242+00:00,mlb_statsapi_people
Steven Cruz,steven cruz,R,674444,2026-06-03T18:39:33.012383+00:00,mlb_statsapi_people
Steven Matz,steven matz,L,571927,2026-06-03T18:39:31.901759+00:00,mlb_statsapi_people
Steven Okert,steven okert,L,595345,2026-06-03T18:39:31.901923+00:00,mlb_statsapi_people
Taijuan Walker,taijuan walker,R,592836,2026-06-03T18:39:31.901886+00:00,mlb_statsapi_people
Taj Bradley,taj bradley,R,671737,2026-06-03T18:39:33.012320+00:00,mlb_statsapi_people
Tanner Banks,tanner banks,L,621383,2026-06-03T18:39:32.173258+00:00,mlb_statsapi_people
Tanner Bibee,tanner bibee,R,676440,2026-06-03T18:39:33.012471+00:00,mlb_statsapi_people
Tanner Gordon,tanner gordon,R,685299,2026-06-03T18:39:33.565849+00:00,mlb_statsapi_people
Tanner Scott,tanner scott,L,656945,2026-06-03T18:39:32.455029+00:00,mlb_statsapi_people
Tarik Skubal,tarik skubal,L,669373,2026-06-03T18:39:33.012143+00:00,mlb_statsapi_people
Tatsuya Imai,tatsuya imai,R,837227,2026-06-03T18:39:34.109072+00:00,mlb_statsapi_people
Tayler Saucedo,tayler saucedo,L,642048,2026-06-03T18:39:32.173478+00:00,mlb_statsapi_people
Taylor Clarke,taylor clarke,R,664199,2026-06-03T18:39:32.727807+00:00,mlb_statsapi_people
Taylor Rashi,taylor rashi,R,688497,2026-06-03T18:39:33.566061+00:00,mlb_statsapi_people
Taylor Rogers,taylor rogers,L,573124,2026-06-03T18:39:31.901800+00:00,mlb_statsapi_people
Tejay Antone,tejay antone,R,622088,2026-06-03T18:39:32.173263+00:00,mlb_statsapi_people
Tim Herrin,tim herrin,L,682120,2026-06-03T18:39:33.290012+00:00,mlb_statsapi_people
Tim Hill,tim hill,L,657612,2026-06-03T18:39:32.455095+00:00,mlb_statsapi_people
Tim Mayza,tim mayza,L,641835,2026-06-03T18:39:32.173459+00:00,mlb_statsapi_people
Tobias Myers,tobias myers,R,668964,2026-06-03T18:39:32.728046+00:00,mlb_statsapi_people
Tommy Nance,tommy nance,R,667297,2026-06-03T18:39:32.727982+00:00,mlb_statsapi_people
Tomoyuki Sugano,tomoyuki sugano,R,608372,2026-06-03T18:39:32.173162+00:00,mlb_statsapi_people
Tony Santillan,tony santillan,R,663574,2026-06-03T18:39:32.455247+00:00,mlb_statsapi_people
Travis Adams,travis adams,R,701519,2026-06-03T18:39:33.836447+00:00,mlb_statsapi_people
Trent Thornton,trent thornton,R,663423,2026-06-03T18:39:32.455180+00:00,mlb_statsapi_people
Trevor Martin,trevor martin,R,694680,2026-06-03T18:39:33.836256+00:00,mlb_statsapi_people
Trevor McDonald,trevor mcdonald,R,686790,2026-06-03T18:39:33.565915+00:00,mlb_statsapi_people
Trevor Megill,trevor megill,R,656730,2026-06-03T18:39:32.455003+00:00,mlb_statsapi_people
Trevor Richards,trevor richards,R,670950,2026-06-03T18:39:33.012277+00:00,mlb_statsapi_people
Trevor Rogers,trevor rogers,L,669432,2026-06-03T18:39:33.012155+00:00,mlb_statsapi_people
Trey Gibson,trey gibson,R,694346,2026-06-03T18:39:33.836236+00:00,mlb_statsapi_people
Trey Yesavage,trey yesavage,R,702056,2026-06-03T18:39:33.836472+00:00,mlb_statsapi_people
Tristan Beck,tristan beck,R,663941,2026-06-03T18:39:32.727728+00:00,mlb_statsapi_people
Troy Melton,troy melton,R,675512,2026-06-03T18:39:33.012393+00:00,mlb_statsapi_people
Ty Madden,ty madden,R,680744,2026-06-03T18:39:33.289835+00:00,mlb_statsapi_people
Tyler Alexander,tyler alexander,L,641302,2026-06-03T18:39:32.173391+00:00,mlb_statsapi_people
Tyler Davis,tyler davis,R,699823,2026-06-03T18:39:33.836399+00:00,mlb_statsapi_people
Tyler Ferguson,tyler ferguson,R,621053,2026-06-03T18:39:32.173199+00:00,mlb_statsapi_people
Tyler Gilbert,tyler gilbert,L,656457,2026-06-03T18:39:32.454949+00:00,mlb_statsapi_people
Tyler Glasnow,tyler glasnow,R,607192,2026-06-03T18:39:32.173102+00:00,mlb_statsapi_people
Tyler Heineman,tyler heineman,R,623168,2026-06-03T18:39:32.173311+00:00,mlb_statsapi_people
Tyler Holton,tyler holton,L,663947,2026-06-03T18:39:32.727747+00:00,mlb_statsapi_people
Tyler Kinley,tyler kinley,R,641755,2026-06-03T18:39:32.173438+00:00,mlb_statsapi_people
Tyler Mahle,tyler mahle,R,641816,2026-06-03T18:39:32.173454+00:00,mlb_statsapi_people
Tyler Phillips,tyler phillips,R,663969,2026-06-03T18:39:32.727760+00:00,mlb_statsapi_people
Tyler Rogers,tyler rogers,R,643511,2026-06-03T18:39:32.454857+00:00,mlb_statsapi_people
Tyler Samaniego,tyler samaniego,L,701719,2026-06-03T18:39:33.836467+00:00,mlb_statsapi_people
Tyler Schweitzer,tyler schweitzer,L,805326,2026-06-03T18:39:33.836555+00:00,mlb_statsapi_people
Tyler Tolbert,tyler tolbert,R,686475,2026-06-03T18:39:33.565866+00:00,mlb_statsapi_people
Tyler Uberstine,tyler uberstine,R,700413,2026-06-03T18:39:33.836414+00:00,mlb_statsapi_people
Tyler Wells,tyler wells,R,669330,2026-06-03T18:39:32.728146+00:00,mlb_statsapi_people
Valente Bellozo,valente bellozo,R,678368,2026-06-03T18:39:33.289737+00:00,mlb_statsapi_people
Victor Vodnik,victor vodnik,R,680767,2026-06-03T18:39:33.289846+00:00,mlb_statsapi_people
Vince Velasquez,vince velasquez,R,592826,2026-06-03T18:39:31.901881+00:00,mlb_statsapi_people
Walbert Ureña,walbert ureña,R,700712,2026-06-03T18:39:33.836425+00:00,mlb_statsapi_people
Walker Buehler,walker buehler,R,621111,2026-06-03T18:39:32.173209+00:00,mlb_statsapi_people
Wandy Peralta,wandy peralta,L,593974,2026-06-03T18:39:31.901901+00:00,mlb_statsapi_people
Weston Wilson,weston wilson,R,642215,2026-06-03T18:39:32.173504+00:00,mlb_statsapi_people
Wilber Dotel,wilber dotel,R,696062,2026-06-03T18:39:33.836352+00:00,mlb_statsapi_people
Will Klein,will klein,R,694361,2026-06-03T18:39:33.836241+00:00,mlb_statsapi_people
Will Vest,will vest,R,676684,2026-06-03T18:39:33.012523+00:00,mlb_statsapi_people
Will Warren,will warren,R,701542,2026-06-03T18:39:33.836453+00:00,mlb_statsapi_people
William Kempner,william kempner,R,687531,2026-06-03T18:39:33.566005+00:00,mlb_statsapi_people
Wyatt Mills,wyatt mills,R,670090,2026-06-03T18:39:33.012237+00:00,mlb_statsapi_people
Yacksel Ríos,yacksel ríos,R,605441,2026-06-03T18:39:31.902005+00:00,mlb_statsapi_people
Yaramil Hiraldo,yaramil hiraldo,R,682274,2026-06-03T18:39:33.290034+00:00,mlb_statsapi_people
Yariel Rodríguez,yariel rodríguez,R,684320,2026-06-03T18:39:33.565827+00:00,mlb_statsapi_people
Yennier Cano,yennier cano,R,666974,2026-06-03T18:39:32.727973+00:00,mlb_statsapi_people
Yerry De los Santos,yerry de los santos,R,660787,2026-06-03T18:39:32.455132+00:00,mlb_statsapi_people
Yoendrys Gómez,yoendrys gómez,R,672782,2026-06-03T18:39:33.012357+00:00,mlb_statsapi_people
Yohan Ramírez,yohan ramírez,R,670990,2026-06-03T18:39:33.012289+00:00,mlb_statsapi_people
Yoshinobu Yamamoto,yoshinobu yamamoto,R,808967,2026-06-03T18:39:33.836584+00:00,mlb_statsapi_people
Yuki Matsui,yuki matsui,L,673513,2026-06-03T18:39:33.012362+00:00,mlb_statsapi_people
Yusei Kikuchi,yusei kikuchi,L,579328,2026-06-03T18:39:31.901810+00:00,mlb_statsapi_people
Zac Gallen,zac gallen,R,668678,2026-06-03T18:39:32.728014+00:00,mlb_statsapi_people
Zach Agnos,zach agnos,R,688642,2026-06-03T18:39:33.566066+00:00,mlb_statsapi_people
Zach Eflin,zach eflin,R,621107,2026-06-03T18:39:32.173204+00:00,mlb_statsapi_people
Zach Maxwell,zach maxwell,R,687209,2026-06-03T18:39:33.565975+00:00,mlb_statsapi_people
Zach Pop,zach pop,R,647315,2026-06-03T18:39:32.454874+00:00,mlb_statsapi_people
Zack Kelly,zack kelly,R,677161,2026-06-03T18:39:33.289650+00:00,mlb_statsapi_people
Zack Littell,zack littell,R,641793,2026-06-03T18:39:32.173449+00:00,mlb_statsapi_people
Zack Wheeler,zack wheeler,R,554430,2026-06-03T18:39:31.901621+00:00,mlb_statsapi_people
Zak Kent,zak kent,R,687849,2026-06-03T18:39:33.566035+00:00,mlb_statsapi_people
Zebby Matthews,zebby matthews,R,805673,2026-06-03T18:39:33.836561+00:00,mlb_statsapi_people
